{
    "project":{
        "Project Name":"Project Name",
        "Project Description":"Project Description",
        "Team Name":"Team Name",
        "Project Manager Name":"Project Manager Name",
        "Project Manager Email":"Project Manager Email",
        "TechLead Name":"TechLead Name",
        "TechLead Email":"TechLead Email",
        "Team Size":"Team Size",
        "Project Start Date":"Project Start Date",
        "Project End Date":"Project End Date",
        "Status":"Status",
        "Project Remarks":"Project Remarks",
        "Project Registration":"Project Registration",
        "Add Project":"Add Project",
        "Tech Stacks":"Tech Stacks",
        "Enter Project Name":"Enter Project Name",
        "Enter Project Description":"Enter Project Descripción Min(100 Charcters)",
        "Enter Team Name":"Enter Team Name",
        "Enter Team Size":"Enter Team Size",
        "Enter Project Manager Name":"Enter Project Manager Name",
        "Enter a valid email address":"Enter a valid email address",
        "Enter Tech Lead Name":"Enter Tech Lead Name",
        "Enter Tech Stacks":"Enter Tech Stacks",
        "Choose Status":"Choose Status",
        "To-Do":"To-Do",
        "In-Progress":"In-Progress",
        "Ready":"Ready",
        "Project Name is required":"Project Name is required",
        "Project Description is required":"Project Description is required",
        "Minimum 100 Charcters":"Minimum 100 Charcters",
        "Project Name only accept alphabetic charactor":"Project Name only accept alphabetic charactor.",
        "Registration Successful":"Registration Successful",
        "Edit or Update Project":"Edit or Update Project",
        "Update Project":"Update Project",
        "Project Updated Successfully":"Project Updated Successfully"
    }

}