{
    "project":{
        "Project Name":"Nombre del proyecto",
        "Project Description":"Descripción del Proyecto",
        "Team Name":"Nombre del equipo",
        "Project Manager Name":"Nombre del administrador del proyecto",
        "Project Manager Email":"Correo electrónico del gerente de proyecto",
        "TechLead Name":"Nombre del líder técnico",
        "TechLead Email":"Correo electrónico de líder tecnológico",
        "Team Size":"Tamaño del equipo",
        "Project Start Date":"Fecha de inicio del proyecto",
        "Project End Date":"Fecha de finalización del proyecto",
        "Status":"estado",
        "Project Remarks":"Comentarios del proyecto",
        "Project Registration":"Registro de proyectos",
        "Add Project":"Agregar proyecto",
        "Tech Stacks":"Pilas de tecnología",
        "Enter Project Name":"Ingrese el nombre del proyecto",
        "Enter Project Description":"Ingrese Proyecto Descripción Min(100 Caracteres)",
        "Enter Team Name":"Ingrese el nombre del equipo",
        "Enter Team Size":"Ingrese el tamaño del equipo",
        "Enter Project Manager Name":"Ingrese el nombre del administrador del proyecto",
        "Enter a valid email address":"Introduzca una dirección de correo electrónico válida",
        "Enter Tech Lead Name":"Ingrese el nombre del líder técnico",
        "Enter Tech Stacks":"Ingrese pilas de tecnología",
        "Choose Status":"Elija Estado",
        "To-Do":"Que hacer",
        "In-Progress":"En progreso",
        "Ready":"Listo",
        "Project Name is required":"El nombre del proyecto es obligatorio",
        "Project Description is required":"Se requiere descripción del proyecto",
        "Minimum 100 Charcters":"Mínimo 100 caracteres",
        "Project Name only accept alphabetic charactor":"El nombre del proyecto solo acepta caracteres alfabéticos.",
        "Registration Successful":"Registro exitoso",
        "Edit or Update Project":"Editar o actualizar proyecto",
        "Update Project":"Actualizar proyecto",
        "Project Updated Successfully":"Proyecto actualizado con éxito"
    }
}