{
    "story":{
        "Story Name":"Story Name",
        "Story Description":"Story Description",
        "Assignee":"Assignee",
        "Assignee Email":"Assignee Email",
        "Assignment Date":"Assignment Date",
        "Target Date":"Target Date",
        "Enter Story Name":"Enter Story Name",
        "Story Name is required":"Story Name is required",
        "Story Description is required":"Story Description is required",
        "Enter Assignee Name":"Enter Assignee Name",
        "Remarks":"Remarks",
        "To-Do":"To-Do",
        "In-Progress":"In-Progress",
        "Ready":"Ready",
        "Status":"Status",
        "Enter a valid email address":"Enter a valid email address",
        "Story Name only accept alphabetic character":"Story Name only accept alphabetic character",
        "Enter Story Description Min(100 Charcters)":"Enter Story Description Min(100 Charcters)",
        "Minimum 100 Charcters":"Minimum 100 Charcters",
        "Story Added Successfully":"Story Added Successfully",
        "Close":"Close",
        "Story Reamrks":"Story Reamrks",
        "StoryId":"StoryId",
        "Edit Story":"Edit Story",
        "Delete Story":"Delete Story",
        "Assignee Name":"Assignee Name",
        "Story Updated Successfully":"Story Updated Successfully",
        "Update Story Status":"Update Story Status"
    }
}