{
    "story":{
        "To-Do":"Que hacer",
        "In-Progress":"En progreso",
        "Ready":"Listo",
        "Status":"estado",
        "Enter a valid email address":"Introduzca una dirección de correo electrónico válida",   
        "Story Name":"Nombre de la historia",
        "Story Description":"Descripción de la historia",
        "Assignee":"Cesionario",
        "Assignee Email":"Correo electrónico del cesionario",
        "Assignment Date":"Fecha de asignación",
        "Target Date":"Fecha objetivo",
        "Enter Story Name":"Ingrese el nombre de la historia",
        "Story Name is required":"El nombre de la historia es obligatorio",
        "Story Description is required":"Se requiere descripción de la historia",
        "Enter Assignee Name":"Ingrese el nombre del cesionario",
        "Remarks":"Observaciones",
        "Story Name only accept alphabetic character":"El nombre de la historia solo acepta caracteres alfabéticos",
        "Enter Story Description Min(100 Charcters)":"Ingrese la descripción de la historia Min (100 caracteres)",
        "Minimum 100 Charcters":"Mínimo 100 caracteres",
        "Story Added Successfully":"Historia agregada con éxito",
        "Close":"Cerca",
        "Story Reamrks":"Comentarios de la historia",
        "StoryId":"Identificación de la historia",
        "Edit Story":"Editar historia",
        "Delete Story":"Eliminar historia",
        "Assignee Name":"Nombre del cesionario",
        "Story Updated Successfully":"Historia actualizada con éxito",
        "Update Story Status":"Actualizar estado de la historia"
    }
}