{
    "home":{
        "View Projects":"View Projects",
        "Add Project":"Add Project",
        "View All Story":"View All Story",
        "Project Name":"Project Name",
        "Edit Project":"Edit Project",
        "Delete Project":"Delete Project",
        "Team Name":"Team Name",
        "ProjectId":"ProjectId",
        "Manager Name":"Manager Name",
        "Manager Email":"Manager Email",
        "TechLead Name":"TechLead Name",
        "TechLead Email":"TechLead Email",
        "Team Size":"Team Size",
        "Start Date":"Start Date",
        "End Date":"End Date",
        "Status":"Status",
        "Project Remarks":"Project Remarks",
        "Add Story":"Add Story",
        "Tech Stacks":"Tech Stacks",
        "Update Story":"Update Story",
        "GetProjectByStatus":"GetProjectByStatus",
        "GetStoryByStatus":"GetStoryByStatus",
        "Search":"Search"
    }
}