{
    "home":{
        "View Projects":"Ver proyectos",
        "Add Project":"Agregar proyecto",
        "View All Story":"Ver toda la historia",
        "Project Name":"Nombre del proyecto",
        "Edit Project":"Editar proyecto",
        "Delete Project":"Eliminar proyecto",
        "Team Name":"Nombre del equipo",
        "ProjectId":"ProjectoID",
        "Manager Name":"Nombre del gerente",
        "Manager Email":"Correo electrónico del administrador",
        "TechLead Name":"Nombre del líder técnico",
        "TechLead Email":"Correo electrónico de líder tecnológico",
        "Team Size":"Tamaño del equipo",
        "Start Date":"Fecha de inicio",
        "End Date":"Fecha final",
        "Status":"estado",
        "Project Remarks":"Comentarios del proyecto",
        "Add Story":"Agregar historia",
        "Tech Stacks":"Pilas de tecnología",
        "Update Story":"Actualizar historia",
        "GetProjectByStatus":"ObtenerProyectoPorEstado",
        "GetStoryByStatus":"ObtenerHistoriaPorEstado",
        "Search":"Búsqueda"
    }
}