{
    "register" :{
        "Project Management Portal":"Project Management Portal",
        "Name":"Name",
        "Login":"Login",
        "Username":"Username",
        "Password":"Password",
        "Confirm Password":"Confirm Password",
        "Register":"Register",
        "Already have an account":"Already have an account?",
        "Enter password":"Enter password",
        "Enter a valid username":"Enter a valid username",
        "Email":"Email",
        "Enter a valid email address":"Enter a valid email address",
        "Account Type":"Account Type",
        "Date of Birth":"Date of Birth",
        "Contact Number":"Contact Number",
        "Enter valid Contact Number":"Enter valid Contact Number",
        "Choose Account Type":"Choose Account Type",
        "Admin":"Admin",
        "Member":"Member",
        "member":"Member",
        "admin":"Admin",
        "Enter your name":"Enter your name",
        "Name is required":"Name is required",
        "Username is required":"Username is required",
        "Name only accept alphabetic charactor":"Name only accept alphabetic charactor.",
        "Maximum 8 Charcters":"Maximum 8 Charcters",
        "Only Alphanumeric without space is required":"Only Alphanumeric without space is required",
        "Password Validation":"Password should be greater than 8 characters long and should contain atleast one uppercase,one numeric and a special character",
        "Password Match":"Password and Confirm Password Must Be Same",
        "Contact number must be of 10 digit and Valid":"Contact number must be of 10 digit and Valid",
        "Registration Successful":"Registration Successful",
        "Enter Confirm Password":"Enter Confirm Password",
        "Enter Password":"Enter Password",
        "Minimum 5 Charcters":"Minimum 5 Charcters",
        "Enter Details":"Enter Details",
        "undefined":"Server Down",
        "-----UserName Already Exists !!! --------":"UserName Already Exists"



    }
}