{
    "register" :{  
        "Project Management Portal":"Portal de Gestión de Proyectos",
        "Name":"Nombre",
        "Login":"Acceso",
        "Username":"Nombre de usuario",
        "Password":"Clave",
        "Confirm Password":"Confirmar contraseña",
        "Register":"Registro",
        "Already have an account":"Ya tienes una cuenta?",
        "Enter password":"Introducir la contraseña",
        "Enter a valid username":"Introduce un nombre de usuario válido",
        "Email":"Correo electrónico",
        "Enter a valid email address":"Introduzca una dirección de correo electrónico válida",
        "Account Type":"Tipo de cuenta",
        "Date of Birth":"Fecha de nacimiento",
        "Contact Number":"Número de contacto",
        "Enter valid Contact Number":"Ingrese un número de contacto válido",
        "Choose Account Type":"Elija el tipo de cuenta",
        "Admin":"Administrador",
        "Member":"Miembro",
        "admin":"Administrador",
        "member":"Miembro",
        "Enter your name":"Introduzca su nombre",
        "Name is required":"Se requiere el nombre",
        "Username is required":"Se requiere nombre de usuario",
        "Name only accept alphabetic charactor":"El nombre solo acepta caracteres alfabéticos.",
        "Maximum 8 Charcters":"Máximo 8 caracteres",
        "Only Alphanumeric without space is required":"Solo se requiere Alfanumérico sin espacio",
        "Password Validation":"La contraseña debe tener más de 8 caracteres y debe contener al menos una mayúscula, un carácter numérico y un carácter especial",
        "Password Match":"La contraseña y la contraseña de confirmación deben ser iguales",
        "Contact number must be of 10 digit and Valid":"El número de contacto debe ser de 10 dígitos y válido",
        "Registration Successful":"Registro exitoso",
        "Enter Confirm Password":"Ingresar Confirmar contraseña",
        "Enter Password":"Introducir la contraseña",
        "Minimum 5 Charcters":"Mínimo 5 caracteres",
        "Enter Details":"Ingrese los detalles",
        "undefined":"indefinido",
        "-----UserName Already Exists !!! --------":"Nombre de usuario ya existe"

        
    }
}