{
    "login" :{
        "Project Management Portal":"Project Management Portal",
        "Login":"Login",
        "Username":"Username",
        "Password":"Password",
        "Register":"Register",
        "Dont have an account":"Don't have an account?",
        "Enter password":"Enter password",
        "Enter a valid username":"Enter a valid username",
        "Incorrect UserName Or Password":"Incorrect UserName Or Password",
        "Log Out":"Log Out",
        "User Type":"User Type",
        "Enter Details":"Enter Details",
        "undefined":"Server Down",
        "UserName Already Exists":"UserName Already Exists",
        "Profile":"Profile"

    }
}