{
    "login" :{
        "Project Management Portal":"Portal de Gestión de Proyectos",
        "Login":"Acceso",
        "Username":"Nombre de usuario",
        "Password":"Clave",
        "Register":"Registro",
        "Dont have an account":"no tengo una cuenta?",
        "Enter password":"Introducir la contraseña",
        "Enter a valid username":"Introduce un nombre de usuario válido",
        "Incorrect UserName Or Password":"Nombre de usuario o contraseña incorrecta",
        "Log Out":"Cerrar sesión",
        "User Type":"Tipo de usuario",
        "Enter Details":"Ingrese los detalles",
        "undefined":"indefinido",
        "UserName Already Exists":"Nombre de usuario ya existe",
        "Profile":"perfil"
    }
}