{
  "posts": [
    {
      "id": 1,
      "title": "json-server",
      "author": "typicode"
    }
  ],
  "comments": [
    {
      "id": 1,
      "body": "some comment",
      "postId": 1
    }
  ],
  "profile": {
    "name": "typicode"
  },
  "register": [
    {
      "userName": "sgivranj",
      "password": "123456Ss@",
      "email": "shivranjan77@yahoo.com",
      "name": "Shivranjan Kumar",
      "userType": "Admin",
      "contactNumber": "9087654321",
      "dateOfBirth": "2022-10-14",
      "id": 1
    },
    {
      "userName": "hello",
      "password": "123456Ss@",
      "email": "shivranjan77@yahoo.com",
      "name": "hello",
      "userType": "Admin",
      "contactNumber": "9087654321",
      "dateOfBirth": "2022-10-14",
      "id": 2
    },
    {
      "userName": "hello77",
      "password": "Hello77@",
      "email": "kravishankar474@gmail.com",
      "name": "hello",
      "userType": "Admin",
      "contactNumber": "9087654321",
      "dateOfBirth": "2022-10-19",
      "id": 3
    },
    {
      "userName": "ravi77",
      "password": "Ravi77@@",
      "email": "kravishankar474@gmail.com",
      "name": "Shivranjan Kumar",
      "userType": "Admin",
      "contactNumber": "9087654321",
      "dateOfBirth": "2022-10-11",
      "id": 4
    },
    {
      "userName": "suodh77",
      "password": "Subodh77@",
      "email": "subodh@gmail.com",
      "name": "subodh ",
      "userType": "Member",
      "contactNumber": "9087654321",
      "dateOfBirth": "2022-10-13",
      "id": 5
    },
    {
      "userName": "pranjal",
      "password": "Pranjal77@",
      "email": "pranjal77@gmail.com",
      "name": "Pranjal Raj",
      "userType": "Admin",
      "contactNumber": "9087654321",
      "dateOfBirth": "1998-09-18",
      "id": 6
    }
  ],
  "project-registered": [
    {
      "projectName": "first project",
      "projectDescription": "A Project Description is a document that outlines the details of a specific project in a structured format covering all stages of the project and the processes involved in it.  A Project Description is drafted quite early in the Project Life Cycle. It is a useful document that could be referred to for a quick understanding of what the project involves, what it aims to accomplish, and how it shall be accomplished. ",
      "teamName": "India",
      "teamSize": 11,
      "projectManagername": "Pranoj",
      "projectManagerEmail": "Pranoj@gmail.com",
      "techLeadName": "Ram",
      "techLeadEmail": "ram@gmail.com",
      "projectStartDate": "2022-10-18",
      "projectEndDate": "2022-10-19",
      "techStacks": "Java,Angular",
      "status": "To-Do",
      "remarks": "All The Best",
      "id": 1
    },
    {
      "projectName": "Case Study",
      "projectDescription": "A Project Description is a document that outlines the details of a specific project in a structured format covering all stages of the project and the processes involved in it.  A Project Description is drafted quite early in the Project Life Cycle. It is a useful document that could be referred to for a quick understanding of what the project involves, what it aims to accomplish, and how it shall be accomplished. ",
      "teamName": "Australia",
      "teamSize": 11,
      "projectManagername": "ICC",
      "projectManagerEmail": "icc@cricket.com",
      "techLeadName": "BCCI",
      "techLeadEmail": "bcci@cricket.com",
      "projectStartDate": "2022-10-17",
      "projectEndDate": "2022-11-18",
      "techStacks": "Java,Angular",
      "status": "In-Progress",
      "remarks": "All The Best",
      "id": 2
    },
    {
      "projectName": "Case Study World Cup",
      "projectDescription": "A Project Description is a document that outlines the details of a specific project in a structured format covering all stages of the project and the processes involved in it.  A Project Description is drafted quite early in the Project Life Cycle. It is a useful document that could be referred to for a quick understanding of what the project involves, what it aims to accomplish, and how it shall be accomplished. ",
      "teamName": "India",
      "teamSize": 5,
      "projectManagername": "bcci",
      "projectManagerEmail": "bcci@cricket.com",
      "techLeadName": "rohit",
      "techLeadEmail": "rohit@cricket.com",
      "projectStartDate": "2022-10-17",
      "projectEndDate": "2022-10-30",
      "techStacks": "Java,Angular",
      "status": "Ready",
      "remarks": "World Cup Chaiye",
      "id": 3
    },
    {
      "id": 4,
      "projectName": "Fifa ",
      "projectDescription": "A Project Description is a document that outlines the details of a specific project in a structured format covering all stages of the project and the processes involved in it.  A Project Description is drafted quite early in the Project Life Cycle. It is a useful document that could be referred to for a quick understanding of what the project involves, what it aims to accomplish, and how it shall be accomplished.",
      "teamName": "India",
      "teamSize": 11,
      "projectManagername": "Hero",
      "projectManagerEmail": "hero@fifa.com",
      "techLeadName": "sunil",
      "techLeadEmail": "sunil@fifa.com",
      "projectStartDate": "2022-10-17",
      "projectEndDate": "2022-10-29",
      "techStacks": "Java, Angular",
      "status": "In-Progress",
      "remarks": "Group Stage"
    }
  ],
  "stories": [
    {
      "id": 1,
      "storyName": "First Story",
      "storyDescription": "The purpose of a user story is to articulate how a piece of work will deliver a particular value back to the customer. Note that \"customers\" don't have to be external end users in the traditional sense, they can also be internal customers or colleagues within your organization who depend on your team.",
      "projectId": "1",
      "assignee": "Pranoj",
      "assigneeEmail": "Pranoj@gmail.com",
      "assignmentDate": "2022-10-19",
      "targetDate": "2022-10-28",
      "status": "In-Progress",
      "remarks": ""
    },
    {
      "id": 2,
      "storyName": "Second Story",
      "storyDescription": "The purpose of a user story is to articulate how a piece of work will deliver a particular value back to the customer. Note that \"customers\" don't have to be external end users in the traditional sense, they can also be internal customers or colleagues within your organization who depend on your team.",
      "projectId": "1",
      "assignee": "Ram",
      "assigneeEmail": "ram@gmail.com",
      "assignmentDate": "2022-10-18",
      "targetDate": "2022-10-23",
      "status": "Ready",
      "remarks": ""
    },
    {
      "id": 3,
      "storyName": "Third Story",
      "storyDescription": "In software development and product management, a user story is an informal, natural language description of features of a software system. They are written from the perspective of an end user or user of a system, and may be recorded on index cards, Post-it notes, or digitally in project management software.",
      "projectId": 1,
      "assignee": "Manager",
      "assigneeEmail": "manager@company.com",
      "assignmentDate": "2022-10-17",
      "targetDate": "2022-10-30",
      "status": "To-Do",
      "remarks": "Optional"
    },
    {
      "id": 4,
      "storyName": "WorldCup",
      "storyDescription": "In software development and product management, a user story is an informal, natural language description of features of a software system. They are written from the perspective of an end user or user of a system, and may be recorded on index cards, Post-it notes, or digitally in project management software.",
      "projectId": 3,
      "assignee": "Bcci",
      "assigneeEmail": "Bcci@cricket.com",
      "assignmentDate": "2022-10-12",
      "targetDate": "2022-10-30",
      "status": "In-Progress",
      "remarks": "Hard Work"
    },
    {
      "id": 5,
      "storyName": "Hello World",
      "storyDescription": "In software development and product management, a user story is an informal, natural language description of features of a software system. They are written from the perspective of an end user or user of a system, and may be recorded on index cards, Post-it notes, or digitally in project management software.",
      "projectId": 2,
      "assignee": "hello",
      "assigneeEmail": "hello@gmail.com",
      "assignmentDate": "2022-10-18",
      "targetDate": "2022-10-31",
      "status": "Ready",
      "remarks": "Good"
    }
  ]
}